{
  "http_req_waiting": {
    "type": "trend",
    "contains": "time",
    "values": {
      "avg": 605.6641899563316,
      "min": 1.5402,
      "med": 15.5595,
      "max": 9991.6478,
      "p(90)": 1679.8984000000005,
      "p(95)": 1875.98158
    }
  },
  "http_req_duration{expected_response:true}": {
    "type": "trend",
    "contains": "time",
    "values": {
      "p(90)": 1712.0225,
      "p(95)": 1898.8006699999994,
      "avg": 621.1070557142857,
      "min": 1.9317,
      "med": 11.555050000000001,
      "max": 9992.074
    }
  },
  "vus_max": {
    "values": {
      "min": 5,
      "max": 5,
      "value": 5
    },
    "type": "gauge",
    "contains": "default"
  },
  "http_reqs": {
    "type": "counter",
    "contains": "default",
    "values": {
      "count": 229,
      "rate": 6.1268949124803695
    },
    "thresholds": {
      "rate>100": {
        "ok": false
      }
    }
  },
  "errors": {
    "type": "rate",
    "contains": "default",
    "values": {
      "rate": 0.16666666666666666,
      "passes": 19,
      "fails": 95
    },
    "thresholds": {
      "rate<0.05": {
        "ok": false
      }
    }
  },
  "vus": {
    "type": "gauge",
    "contains": "default",
    "values": {
      "min": 1,
      "max": 5,
      "value": 1
    }
  },
  "http_req_tls_handshaking": {
    "type": "trend",
    "contains": "time",
    "values": {
      "avg": 0,
      "min": 0,
      "med": 0,
      "max": 0,
      "p(90)": 0,
      "p(95)": 0
    }
  },
  "requests_per_second": {
    "type": "gauge",
    "contains": "default",
    "values": {
      "value": 0.6849119602751064,
      "min": 0.099770527786092,
      "max": 0.70212392487274
    }
  },
  "http_req_sending": {
    "values": {
      "avg": 0.0447947598253275,
      "min": 0,
      "med": 0,
      "max": 1.0004,
      "p(90)": 0.09492000000000003,
      "p(95)": 0.49023999999999945
    },
    "type": "trend",
    "contains": "time"
  },
  "iterations": {
    "type": "counter",
    "contains": "default",
    "values": {
      "count": 19,
      "rate": 0.5083449927385459
    }
  },
  "checks": {
    "type": "rate",
    "contains": "default",
    "values": {
      "rate": 0.6578947368421053,
      "passes": 150,
      "fails": 78
    }
  },
  "avg_response_time": {
    "contains": "default",
    "values": {
      "avg": 1208.8109605263164,
      "min": 2.5368,
      "med": 665.4481499999999,
      "max": 9992.074,
      "p(90)": 1878.21784,
      "p(95)": 2251.9385799999995
    },
    "type": "trend"
  },
  "iteration_duration": {
    "type": "trend",
    "contains": "time",
    "values": {
      "p(90)": 15613.13284,
      "p(95)": 15830.91161,
      "avg": 9221.057089473683,
      "min": 5277.9744,
      "med": 7413.5601,
      "max": 16275.6467
    }
  },
  "active_users": {
    "type": "gauge",
    "contains": "default",
    "values": {
      "value": 1,
      "min": 1,
      "max": 5
    }
  },
  "http_req_receiving": {
    "type": "trend",
    "contains": "time",
    "values": {
      "min": 0,
      "med": 0.5719,
      "max": 1.832,
      "p(90)": 1.0043600000000001,
      "p(95)": 1.0810199999999999,
      "avg": 0.5461519650655021
    }
  },
  "http_req_blocked": {
    "type": "trend",
    "contains": "time",
    "values": {
      "avg": 0.09368034934497817,
      "min": 0,
      "med": 0,
      "max": 5.5602,
      "p(90)": 0,
      "p(95)": 0.044419999999999994
    }
  },
  "response_time": {
    "type": "trend",
    "contains": "default",
    "values": {
      "min": 2.5368,
      "med": 665.4481499999999,
      "max": 9992.074,
      "p(90)": 1878.21784,
      "p(95)": 2251.9385799999995,
      "avg": 1208.8109605263164
    }
  },
  "redis_hits": {
    "type": "rate",
    "contains": "default",
    "values": {
      "rate": 1,
      "passes": 114,
      "fails": 0
    },
    "thresholds": {
      "rate>0.5": {
        "ok": true
      }
    }
  },
  "http_req_connecting": {
    "type": "trend",
    "contains": "time",
    "values": {
      "max": 3.2581,
      "p(90)": 0,
      "p(95)": 0,
      "avg": 0.049904803493449786,
      "min": 0,
      "med": 0
    }
  },
  "data_sent": {
    "type": "counter",
    "contains": "data",
    "values": {
      "rate": 540.2369522829853,
      "count": 20192
    }
  },
  "http_req_failed": {
    "contains": "default",
    "values": {
      "rate": 0.08296943231441048,
      "passes": 19,
      "fails": 210
    },
    "thresholds": {
      "rate<0.05": {
        "ok": false
      }
    },
    "type": "rate"
  },
  "data_received": {
    "type": "counter",
    "contains": "data",
    "values": {
      "count": 444855,
      "rate": 11902.095354984518
    }
  },
  "throughput": {
    "type": "counter",
    "contains": "default",
    "values": {
      "count": 114,
      "rate": 3.0500699564312757
    }
  },
  "http_req_duration": {
    "thresholds": {
      "p(95)<1000": {
        "ok": false
      },
      "p(99)<2000": {
        "ok": false
      },
      "avg<500": {
        "ok": false
      }
    },
    "type": "trend",
    "contains": "time",
    "values": {
      "avg": 606.2551366812228,
      "min": 1.9317,
      "med": 16.393,
      "max": 9992.074,
      "p(90)": 1680.3866400000006,
      "p(95)": 1876.75192
    }
  }
}